,feature_set,training_rmse,test_rmse
0,artist,0.1865864478875585,0.19387349765671133
1,reviewauthor,0.1865866198656522,0.1937623932169886
2,releaseyear,0.18626522260141548,0.1932227093824498
3,recordlabel,0.18652617160921695,0.19385106519252027
4,genre,0.18645226030122428,0.19365387151539987
5,danceability,0.18621229590771282,0.19343124036851042
6,energy,0.18624245112123675,0.19324619321736722
7,key,0.18660851732380637,0.19386563569916165
8,loudness,0.18577635464368922,0.19297703513535208
9,speechiness,0.1866119407518224,0.19383103850292674
10,acousticness,0.18618010494114487,0.19328636069999414
11,instrumentalness,0.1859286295422082,0.19313131056985167
12,liveness,0.18661176328707854,0.1938301417826398
13,valence,0.18640177510581124,0.19340268698186222
14,tempo,0.1865738215480573,0.1936712088374767
15,danceability_energy_key_loudness_speechiness_acousticness_instrumentalness_liveness_valence_tempo,0.18525477906435056,0.192562014274871
16,artist_reviewauthor_releaseyear_recordlabel_genre,0.18591993726001121,0.19291625497024584
17,artist_reviewauthor_releaseyear_recordlabel_genre_danceability_energy_key_loudness_speechiness_acousticness_instrumentalness_liveness_valence_tempo,0.1847023546220418,0.19177181963524975
